Name,Daily_Return
Dogecoin,0.11345836448299738
Binance Coin,0.0800498686314424
Ethereum,0.06303562022503245
Bitcoin,0.04263924853868489
